<!--
Copyright (c) 2016-present, Facebook, Inc.
All rights reserved.

This source code is licensed under the BSD-style license found in the
LICENSE file in the root directory of this source tree. An additional grant 
of patent rights can be found in the PATENTS file in the same directory.
-->

<extension name="local_rates" continue="true">
  <condition field="${vbts_callerid}" expression="^\d{5}\d+$" />
  <condition field='${vbts_destid}' expression="IMSI\d{15}">
    <action inline="true" application="set" data="service_type=local_sms"/>
    <!-- This is a local SMS so we don't need to pass a destination_number to VBTS_Get_Service_Tariff -->
    <action inline="true" application="set" data='call_tariff=${python(VBTS_Get_Service_Tariff ${service_type}|sms|)}'/>
  </condition>
</extension>

<extension name="outside_rates" continue="true">
  <condition field="${vbts_callerid}" expression="^\d{5}\d+$" />
  <condition field="${vbts_canonical_tp_dest_address}" expression="^\+?\d+$" />
  <condition field='${vbts_destid}' expression="^$">
    <action inline="true" application="set" data="service_type=outside_sms"/>
    <!-- This is an outside SMS so we need to pass a destination_number to VBTS_Get_Service_Tariff -->
    <action inline="true" application="set" data='call_tariff=${python(VBTS_Get_Service_Tariff ${service_type}|sms|${vbts_canonical_tp_dest_address})}'/>
  </condition>
</extension>
