<!--
Copyright (c) 2016-present, Facebook, Inc.
All rights reserved.

This source code is licensed under the BSD-style license found in the
LICENSE file in the root directory of this source tree. An additional grant 
of patent rights can be found in the PATENTS file in the same directory.
-->

<!-- SET RATES -->
<extension name="local_rates" continue="true">
  <condition field='${vbts_callerid}' expression="^\d+$"/>
  <!-- this defines it as local... username is in DB -->
  <condition field='${vbts_destid}' expression="IMSI\d{15}">
    <action inline="true" application="set" data='service_type=local_call'/>
    <action inline="true" application="export" data='service_type=local_call'/>
    <!-- This is a local call so we don't need to pass a destination_number to VBTS_Get_Service_Tariff -->
    <action inline="true" application="set" data='call_tariff=${python(VBTS_Get_Service_Tariff ${service_type}|call|${canonical_destination_number})}'/>
  </condition>
</extension>

<extension name="outside_rates" continue="true">
  <condition field='${vbts_callerid}' expression="^\d+$"/>
  <!-- only outside if we've passed down to this point -->
  <condition field='${vbts_destid}' expression="^$">
    <action inline="true" application="set" data='service_type=outside_call'/>
    <action inline="true" application="export" data='service_type=outside_call'/>
    <!-- This is an outside call so we need to pass a destination_number to VBTS_Get_Service_Tariff -->
    <action inline="true" application="set" data='call_tariff=${python(VBTS_Get_Service_Tariff ${service_type}|call|${canonical_destination_number})}'/>
  </condition>
</extension>
