<!--
Copyright (c) 2016-present, Facebook, Inc.
All rights reserved.

This source code is licensed under the BSD-style license found in the
LICENSE file in the root directory of this source tree. An additional grant 
of patent rights can be found in the PATENTS file in the same directory.
-->

<extension name="no_money">
  <!-- free local numbers don't require money -->
  <condition field='${vbts_callerid}' expression="^\d+$"/>
  <condition field='${cond(${vbts_account_balance} < ${call_tariff} ? YES : NO)}' expression="^YES$">
    <action application="set" data='service_type=error_call'/>
    <action application="export" data='service_type=error_call'/>
    <action application="python" data="endaga_i18n Your account doesn't have sufficient funds."/>
    <action application="set" data='res=${python(VBTS_Send_SMS ${vbts_callerid}|103|${_localstr})}'/>
    <action application="answer"/>
    <action application="speak" data='flite|slt|${_localstr}'/>
    <action application="hangup"/>
  </condition>
</extension>
