<configuration name="sofia.conf" description="sofia Endpoint">

  <global_settings>
    <param name="log-level" value="0"/>

    <param name="debug-presence" value="0"/>
    <!-- <param name="capture-server" value="udp:homer.domain.com:5060"/> -->
    <!-- kurtis -->
    <param name="enable-timer" value="false"/>
    <param name="session-timeout" value="1800"/>
  </global_settings>

  <!--
      The rabbit hole goes deep.  This includes all the
      profiles in the sip_profiles directory that is up
      one level from this directory.
  -->
  <profiles>
    <X-PRE-PROCESS cmd="include" data="../sip_profiles/*.xml"/>
  </profiles>

</configuration>
