<?xml version="1.0" encoding="utf-8"?>
<!--
Copyright (c) 2016-present, Facebook, Inc.
All rights reserved.

This source code is licensed under the BSD-style license found in the
LICENSE file in the root directory of this source tree. An additional grant
of patent rights can be found in the PATENTS file in the same directory.
-->

<!--
    NOTICE:

    This context is used for skinny to match dialed number

    The special applications:
    - skinny-process tells skinny to process the call (route, set call forwarding, ...)
    - skinny-drop tells skinny to drop the call
    - skinny-wait tells skinny to wait for more digits
-->
<!-- http://wiki.freeswitch.org/wiki/Mod_skinny -->
<include>
  <context name="skinny-patterns">
    <!--
    Wait for another digit by default
    -->
    <extension name="Default">
      <condition>
        <action application="skinny-wait" />
      </condition>
    </extension>

    <!--
	You can place files in the skinny-patterns directory to get included.
    -->
    <X-PRE-PROCESS cmd="include" data="skinny-patterns/*.xml"/>

  </context>
</include>
